Hour,WeekdayLoadFactor,SaturdayLoadFactor,SundayLoadFactor
0,0.1105,0.11,0.11
1,0.1022,0.1034,0.1034
2,0.1079,0.1073,0.1073
3,0.1285,0.1261,0.1261
4,0.1432,0.1426,0.1426
5,0.157,0.1505,0.1505
6,0.289,0.1655,0.1655
7,0.046,0.3932,0.3932
8,0.3365,0.379,0.379
9,0.6077,0.3775,0.3775
10,0.5644,0.3608,0.3608
11,0.5577,0.3558,0.3558
12,0.5319,0.1722,0.1722
13,0.5076,0.1653,0.1653
14,0.4855,0.1541,0.1541
15,0.4967,0.1547,0.1547
16,0.5252,0.1634,0.1634
17,0.2875,0.3292,0.3292
18,0.0394,0.521,0.521
19,0.0369,0.3252,0.3252
20,0.2441,0.1437,0.1437
21,0.4107,0.1337,0.1337
22,0.1291,0.1291,0.1291
23,0.0986,0.0971,0.0971
