Month,OP,PK,STD,total,pk_pct,op_pct,std_pct
1,11261.2,4527.32,30247.25,46035.770000000004,0.0983435272180741,0.24461847819641117,0.6570379945855146
2,11832.64,4392.8,29810.079999999998,46035.52,0.0954219698180883,0.25703283030147156,0.6475451998804401
3,12608.630000000001,4209.66,29216.26,46034.55,0.09144566418049051,0.27389493326208253,0.6346594025574269
4,11437.64,4485.58,30111.66,46034.88,0.097438724723514,0.24845595339881413,0.6541053218776719
5,11718.22,4370.5199999999995,29946.91,46035.649999999994,0.09493772760892917,0.25454663939794486,0.6505156329931261
6,12340.81,4302.06,29391.38,46034.25,0.09345346128154582,0.2680788760542422,0.638467662664212
7,11254.0,4506.39,30275.38,46035.770000000004,0.09788888075511716,0.24446207807537484,0.657649041169508
8,12599.43,4190.13,29244.99,46034.55,0.09102141760916528,0.27369508336673215,0.6352834990241025
9,11437.64,4485.58,30111.66,46034.88,0.097438724723514,0.24845595339881413,0.6541053218776719
10,11261.2,4527.32,30247.25,46035.770000000004,0.0983435272180741,0.24461847819641117,0.6570379945855146
11,12838.45,4156.0,29040.95,46035.4,0.09027835100813722,0.27888212115024524,0.6308395278416176
12,11261.2,4527.32,30247.25,46035.770000000004,0.0983435272180741,0.24461847819641117,0.6570379945855146
